time,delta,in_flight
2102-04-03 21:40:00+00:00,2,2
2102-04-03 21:52:00+00:00,1,3
2102-04-03 22:02:00+00:00,1,4
2102-04-03 22:04:00+00:00,1,5
2102-04-03 22:19:00+00:00,1,6
2102-04-03 22:20:00+00:00,1,7
2102-04-03 22:44:00+00:00,1,8
2102-04-03 22:45:00+00:00,1,9
2102-04-03 23:11:55+00:00,-1,8
2102-04-03 23:13:44+00:00,-1,7
2102-04-03 23:16:00+00:00,1,8
2102-04-03 23:17:00+00:00,2,10
2102-04-03 23:17:13+00:00,-1,9
2102-04-03 23:19:59+00:00,-1,8
2102-04-03 23:26:10+00:00,-1,7
2102-04-03 23:27:39+00:00,-1,6
2102-04-03 23:32:21+00:00,-1,5
2102-04-03 23:47:51+00:00,-1,4
2102-04-04 00:13:00+00:00,1,5
2102-04-04 00:26:35+00:00,-1,4
2102-04-04 00:39:00+00:00,1,5
2102-04-04 00:42:00+00:00,1,6
2102-04-04 00:52:22+00:00,-1,5
2102-04-04 00:55:35+00:00,-1,4
2102-04-04 01:07:00+00:00,1,5
2102-04-04 01:08:39+00:00,-1,4
2102-04-04 01:13:11+00:00,-1,3
2102-04-04 01:26:27+00:00,-1,2
2102-04-04 02:00:35+00:00,-1,1
2102-04-04 02:28:35+00:00,-1,0
2102-04-04 03:32:00+00:00,1,1
2102-04-04 06:19:04+00:00,-1,0
2102-04-06 01:05:00+00:00,2,2
2102-04-06 01:40:53+00:00,-1,1
2102-04-06 03:32:00+00:00,2,3
2102-04-06 04:02:51+00:00,-1,2
2102-04-06 04:32:06+00:00,-1,1
2102-04-06 06:35:00+00:00,2,3
2102-04-06 06:53:12+00:00,-1,2
2102-04-06 07:17:52+00:00,-1,1
2102-04-06 08:14:30+00:00,-1,0
2102-04-06 21:20:00+00:00,2,2
2102-04-06 21:35:00+00:00,2,4
2102-04-06 21:37:00+00:00,2,6
2102-04-06 21:42:00+00:00,2,8
2102-04-06 21:45:57+00:00,-1,7
2102-04-06 21:56:22+00:00,-1,6
2102-04-06 22:07:00+00:00,2,8
2102-04-06 22:21:06+00:00,-1,7
2102-04-06 22:24:00+00:00,2,9
2102-04-06 22:25:00+00:00,1,10
2102-04-06 22:45:00+00:00,2,12
2102-04-06 23:04:34+00:00,-1,11
2102-04-06 23:16:59+00:00,-1,10
2102-04-06 23:20:11+00:00,-1,9
2102-04-06 23:31:43+00:00,-1,8
2102-04-06 23:54:05+00:00,-1,7
2102-04-07 00:02:16+00:00,-1,6
2102-04-07 00:21:31+00:00,-1,5
2102-04-07 00:35:00+00:00,2,7
2102-04-07 00:35:57+00:00,-1,6
2102-04-07 00:51:08+00:00,-1,5
2102-04-07 00:51:58+00:00,-1,4
2102-04-07 00:57:42+00:00,-1,3
2102-04-07 01:05:00+00:00,2,5
2102-04-07 02:33:12+00:00,-1,4
2102-04-07 03:02:40+00:00,-1,3
2102-04-07 04:53:13+00:00,-1,2
2102-04-07 05:07:33+00:00,-1,1
2102-04-07 05:20:33+00:00,-1,0
2102-04-07 22:40:00+00:00,2,2
2102-04-07 23:00:00+00:00,2,4
2102-04-07 23:48:58+00:00,-1,3
2102-04-08 01:21:34+00:00,-1,2
2102-04-08 01:40:54+00:00,-1,1
2102-04-08 02:42:22+00:00,-1,0
2102-04-10 21:47:00+00:00,1,1
2102-04-10 21:48:00+00:00,2,3
2102-04-10 21:49:00+00:00,1,4
2102-04-10 21:56:00+00:00,1,5
2102-04-10 22:03:00+00:00,1,6
2102-04-10 22:12:41+00:00,-1,5
2102-04-10 22:32:00+00:00,1,6
2102-04-10 22:39:51+00:00,-1,5
2102-04-10 22:42:56+00:00,-1,4
2102-04-10 22:43:00+00:00,1,5
2102-04-10 22:51:00+00:00,1,6
2102-04-10 22:59:00+00:00,2,8
2102-04-10 23:25:02+00:00,-1,7
2102-04-10 23:28:00+00:00,1,8
2102-04-10 23:33:07+00:00,-1,7
2102-04-10 23:48:50+00:00,-1,6
2102-04-10 23:57:00+00:00,1,7
2102-04-11 00:05:08+00:00,-1,6
2102-04-11 00:12:02+00:00,-1,5
2102-04-11 00:20:00+00:00,1,6
2102-04-11 00:29:16+00:00,-1,5
2102-04-11 00:48:06+00:00,-1,4
2102-04-11 00:55:00+00:00,1,5
2102-04-11 01:35:40+00:00,-1,4
2102-04-11 01:38:00+00:00,1,5
2102-04-11 01:54:01+00:00,-1,4
2102-04-11 02:13:14+00:00,-1,3
2102-04-11 02:53:39+00:00,-1,2
2102-04-11 03:15:44+00:00,-1,1
2102-04-11 04:00:00+00:00,1,2
2102-04-11 05:57:23+00:00,-1,1
2102-04-11 09:15:47+00:00,-1,0
2102-04-13 21:26:00+00:00,2,2
2102-04-13 21:47:00+00:00,2,4
2102-04-13 21:54:00+00:00,2,6
2102-04-13 22:01:00+00:00,2,8
2102-04-13 22:29:52+00:00,-1,7
2102-04-13 22:30:45+00:00,-1,6
2102-04-13 22:32:50+00:00,-1,5
2102-04-13 22:42:44+00:00,-1,4
2102-04-13 22:51:00+00:00,2,6
2102-04-13 23:42:22+00:00,-1,5
2102-04-13 23:44:00+00:00,2,7
2102-04-13 23:49:08+00:00,-1,6
2102-04-14 00:20:00+00:00,2,8
2102-04-14 00:29:00+00:00,2,10
2102-04-14 00:45:00+00:00,2,12
2102-04-14 00:55:53+00:00,-1,11
2102-04-14 01:19:28+00:00,-1,10
2102-04-14 01:45:06+00:00,-1,9
2102-04-14 01:46:11+00:00,-1,8
2102-04-14 02:18:34+00:00,-1,7
2102-04-14 02:19:54+00:00,-1,6
2102-04-14 02:47:15+00:00,-1,5
2102-04-14 02:53:20+00:00,-1,4
2102-04-14 03:08:31+00:00,-1,3
2102-04-14 03:52:00+00:00,2,5
2102-04-14 04:17:10+00:00,-1,4
2102-04-14 04:29:00+00:00,2,6
2102-04-14 04:56:39+00:00,-1,5
2102-04-14 05:02:55+00:00,-1,4
2102-04-14 05:24:06+00:00,-1,3
2102-04-14 05:38:25+00:00,-1,2
2102-04-14 06:55:00+00:00,2,4
2102-04-14 07:36:28+00:00,-1,3
2102-04-14 08:43:55+00:00,-1,2
2102-04-14 08:53:07+00:00,-1,1
2102-04-14 11:05:14+00:00,-1,0
2102-04-14 21:48:00+00:00,2,2
2102-04-14 22:03:00+00:00,2,4
2102-04-14 23:15:27+00:00,-1,3
2102-04-15 00:01:24+00:00,-1,2
2102-04-15 00:11:46+00:00,-1,1
2102-04-15 02:55:48+00:00,-1,0
2102-04-15 04:00:00+00:00,1,1
2102-04-15 04:24:41+00:00,-1,0
2102-04-16 22:15:00+00:00,1,1
2102-04-17 00:33:39+00:00,-1,0
2102-04-17 21:42:00+00:00,1,1
2102-04-17 21:51:00+00:00,1,2
2102-04-17 22:03:35+00:00,-1,1
2102-04-17 22:07:00+00:00,1,2
2102-04-17 22:17:00+00:00,2,4
2102-04-17 22:31:00+00:00,1,5
2102-04-17 22:42:00+00:00,1,6
2102-04-17 22:54:39+00:00,-1,5
2102-04-17 23:00:00+00:00,1,6
2102-04-17 23:06:18+00:00,-1,5
2102-04-17 23:12:02+00:00,-1,4
2102-04-17 23:58:14+00:00,-1,3
2102-04-18 00:29:00+00:00,1,4
2102-04-18 00:32:00+00:00,1,5
2102-04-18 00:35:28+00:00,-1,4
2102-04-18 00:53:02+00:00,-1,3
2102-04-18 00:56:00+00:00,1,4
2102-04-18 01:10:00+00:00,1,5
2102-04-18 01:11:39+00:00,-1,4
2102-04-18 01:18:00+00:00,1,5
2102-04-18 01:36:27+00:00,-1,4
2102-04-18 01:50:27+00:00,-1,3
2102-04-18 02:29:25+00:00,-1,2
2102-04-18 02:31:11+00:00,-1,1
2102-04-18 02:39:37+00:00,-1,0
2102-04-18 04:09:00+00:00,1,1
2102-04-18 05:26:17+00:00,-1,0
2102-04-18 22:34:00+00:00,1,1
2102-04-18 22:55:35+00:00,-1,0
2102-04-20 21:00:00+00:00,2,2
2102-04-20 21:30:47+00:00,-1,1
2102-04-20 21:33:00+00:00,2,3
2102-04-20 21:43:56+00:00,-1,2
2102-04-20 22:14:00+00:00,2,4
2102-04-20 22:20:36+00:00,-1,3
2102-04-20 22:33:00+00:00,2,5
2102-04-20 22:34:48+00:00,-1,4
2102-04-20 22:47:00+00:00,2,6
2102-04-20 22:50:00+00:00,2,8
2102-04-20 23:42:00+00:00,2,10
2102-04-20 23:45:06+00:00,-1,9
2102-04-20 23:52:42+00:00,-1,8
2102-04-21 00:01:00+00:00,2,10
2102-04-21 00:23:00+00:00,2,12
2102-04-21 00:30:00+00:00,3,15
2102-04-21 00:34:22+00:00,-1,14
2102-04-21 00:42:28+00:00,-1,13
2102-04-21 00:46:23+00:00,-1,12
2102-04-21 00:57:42+00:00,-1,11
2102-04-21 00:58:53+00:00,-1,10
2102-04-21 01:31:34+00:00,-1,9
2102-04-21 01:40:28+00:00,-1,8
2102-04-21 02:20:03+00:00,-1,7
2102-04-21 02:51:02+00:00,-1,6
2102-04-21 03:24:28+00:00,-1,5
2102-04-21 03:29:54+00:00,-1,4
2102-04-21 03:31:00+00:00,2,6
2102-04-21 03:35:13+00:00,-1,5
2102-04-21 03:52:11+00:00,-1,4
2102-04-21 03:57:29+00:00,-1,3
2102-04-21 04:11:06+00:00,-1,2
2102-04-21 04:34:00+00:00,2,4
2102-04-21 05:23:09+00:00,-1,3
2102-04-21 06:11:12+00:00,-1,2
2102-04-21 07:24:55+00:00,-1,1
2102-04-21 08:24:52+00:00,-1,0
2102-04-21 22:15:00+00:00,2,2
2102-04-21 23:57:49+00:00,-1,1
2102-04-22 00:29:23+00:00,-1,0
2102-04-22 00:54:00+00:00,1,1
2102-04-22 05:46:31+00:00,-1,0
2102-04-24 20:48:00+00:00,1,1
2102-04-24 21:31:02+00:00,-1,0
2102-04-24 21:42:00+00:00,1,1
2102-04-24 21:55:00+00:00,1,2
2102-04-24 21:58:00+00:00,2,4
2102-04-24 22:07:00+00:00,1,5
2102-04-24 22:19:00+00:00,1,6
2102-04-24 22:23:00+00:00,1,7
2102-04-24 22:25:47+00:00,-1,6
2102-04-24 22:27:00+00:00,1,7
2102-04-24 22:38:50+00:00,-1,6
2102-04-24 22:42:00+00:00,1,7
2102-04-24 23:06:00+00:00,2,9
2102-04-24 23:12:00+00:00,1,10
2102-04-24 23:31:18+00:00,-1,9
2102-04-24 23:36:16+00:00,-1,8
2102-04-24 23:55:24+00:00,-1,7
2102-04-25 00:00:08+00:00,-1,6
2102-04-25 00:18:00+00:00,1,7
2102-04-25 00:25:50+00:00,-1,6
2102-04-25 00:29:16+00:00,-1,5
2102-04-25 00:45:22+00:00,-1,4
2102-04-25 00:57:00+00:00,2,6
2102-04-25 00:58:15+00:00,-1,5
2102-04-25 01:11:00+00:00,1,6
2102-04-25 01:30:12+00:00,-1,5
2102-04-25 01:45:30+00:00,-1,4
2102-04-25 02:18:21+00:00,-1,3
2102-04-25 03:19:29+00:00,-1,2
2102-04-25 03:47:00+00:00,1,3
2102-04-25 04:05:11+00:00,-1,2
2102-04-25 05:41:59+00:00,-1,1
2102-04-25 08:55:36+00:00,-1,0
2102-04-27 21:09:00+00:00,2,2
2102-04-27 21:37:00+00:00,1,3
2102-04-27 21:39:00+00:00,1,4
2102-04-27 21:42:00+00:00,4,8
2102-04-27 22:07:00+00:00,1,9
2102-04-27 22:24:57+00:00,-1,8
2102-04-27 22:29:36+00:00,-1,7
2102-04-27 22:31:23+00:00,-1,6
2102-04-27 22:37:32+00:00,-1,5
2102-04-27 22:47:39+00:00,-1,4
2102-04-27 22:48:22+00:00,-1,3
2102-04-27 23:21:20+00:00,-1,2
2102-04-28 00:08:56+00:00,-1,1
2102-04-28 00:11:00+00:00,2,3
2102-04-28 01:12:20+00:00,-1,2
2102-04-28 01:21:20+00:00,-1,1
2102-04-28 02:44:21+00:00,-1,0
2102-04-28 02:47:00+00:00,2,2
2102-04-28 04:20:44+00:00,-1,1
2102-04-28 04:48:22+00:00,-1,0
2102-04-28 20:43:00+00:00,2,2
2102-04-28 21:06:10+00:00,-1,1
2102-04-28 21:09:00+00:00,2,3
2102-04-28 21:49:30+00:00,-1,2
2102-04-28 22:50:00+00:00,2,4
2102-04-28 23:49:33+00:00,-1,3
2102-04-28 23:55:00+00:00,2,5
2102-04-29 00:29:00+00:00,2,7
2102-04-29 00:58:42+00:00,-1,6
2102-04-29 01:10:00+00:00,2,8
2102-04-29 01:10:28+00:00,-1,7
2102-04-29 01:13:22+00:00,-1,6
2102-04-29 01:53:46+00:00,-1,5
2102-04-29 02:13:28+00:00,-1,4
2102-04-29 02:59:36+00:00,-1,3
2102-04-29 03:57:00+00:00,1,4
2102-04-29 04:15:47+00:00,-1,3
2102-04-29 04:22:29+00:00,-1,2
2102-04-29 04:37:28+00:00,-1,1
2102-04-29 05:10:47+00:00,-1,0
2102-05-01 20:23:00+00:00,1,1
2102-05-01 22:07:00+00:00,1,2
2102-05-01 22:13:51+00:00,-1,1
2102-05-01 22:26:00+00:00,1,2
2102-05-01 22:28:35+00:00,-1,1
2102-05-01 22:40:00+00:00,2,3
2102-05-01 22:47:00+00:00,2,5
2102-05-01 23:00:00+00:00,2,7
2102-05-01 23:05:00+00:00,1,8
2102-05-01 23:19:06+00:00,-1,7
2102-05-01 23:34:00+00:00,1,8
2102-05-01 23:38:24+00:00,-1,7
2102-05-01 23:41:00+00:00,1,8
2102-05-01 23:42:47+00:00,-1,7
2102-05-01 23:42:52+00:00,-1,6
2102-05-01 23:49:43+00:00,-1,5
2102-05-02 00:29:06+00:00,-1,4
2102-05-02 00:42:00+00:00,1,5
2102-05-02 00:55:00+00:00,1,6
2102-05-02 00:56:00+00:00,1,7
2102-05-02 00:57:00+00:00,2,9
2102-05-02 00:59:30+00:00,-1,8
2102-05-02 01:35:22+00:00,-1,7
2102-05-02 01:48:59+00:00,-1,6
2102-05-02 01:52:04+00:00,-1,5
2102-05-02 02:21:59+00:00,-1,4
2102-05-02 02:27:19+00:00,-1,3
2102-05-02 03:17:26+00:00,-1,2
2102-05-02 03:50:32+00:00,-1,1
2102-05-02 03:56:00+00:00,1,2
2102-05-02 04:06:17+00:00,-1,1
2102-05-02 06:40:37+00:00,-1,0
2102-05-02 21:47:00+00:00,2,2
2102-05-02 22:45:34+00:00,-1,1
2102-05-02 23:58:43+00:00,-1,0
2102-05-04 22:24:00+00:00,2,2
2102-05-04 23:10:00+00:00,2,4
2102-05-05 00:54:08+00:00,-1,3
2102-05-05 01:05:00+00:00,1,4
2102-05-05 01:06:00+00:00,2,6
2102-05-05 01:19:35+00:00,-1,5
2102-05-05 01:34:12+00:00,-1,4
2102-05-05 01:41:00+00:00,-1,3
2102-05-05 02:10:45+00:00,-1,2
2102-05-05 03:46:00+00:00,2,4
2102-05-05 04:34:44+00:00,-1,3
2102-05-05 04:49:17+00:00,-1,2
2102-05-05 05:49:32+00:00,-1,1
2102-05-05 05:52:31+00:00,-1,0
2102-05-05 21:00:00+00:00,2,2
2102-05-05 21:16:00+00:00,2,4
2102-05-05 21:24:00+00:00,1,5
2102-05-05 22:10:33+00:00,-1,4
2102-05-05 22:11:50+00:00,-1,3
2102-05-05 22:13:00+00:00,1,4
2102-05-05 22:14:34+00:00,-1,3
2102-05-05 23:10:40+00:00,-1,2
2102-05-05 23:34:00+00:00,1,3
2102-05-05 23:47:00+00:00,2,5
2102-05-05 23:53:00+00:00,2,7
2102-05-06 00:11:00+00:00,2,9
2102-05-06 00:17:02+00:00,-1,8
2102-05-06 00:23:57+00:00,-1,7
2102-05-06 00:46:00+00:00,2,9
2102-05-06 00:57:28+00:00,-1,8
2102-05-06 01:21:44+00:00,-1,7
2102-05-06 01:32:35+00:00,-1,6
2102-05-06 01:46:27+00:00,-1,5
2102-05-06 03:03:00+00:00,2,7
2102-05-06 03:09:14+00:00,-1,6
2102-05-06 03:09:22+00:00,-1,5
2102-05-06 03:10:45+00:00,-1,4
2102-05-06 03:35:29+00:00,-1,3
2102-05-06 03:50:36+00:00,-1,2
2102-05-06 04:00:34+00:00,-1,1
2102-05-06 04:35:07+00:00,-1,0
2102-05-08 21:04:00+00:00,1,1
2102-05-08 21:49:00+00:00,2,3
2102-05-08 22:31:00+00:00,1,4
2102-05-08 22:46:00+00:00,2,6
2102-05-08 22:56:00+00:00,2,8
2102-05-08 22:58:00+00:00,2,10
2102-05-08 23:04:40+00:00,-1,9
2102-05-08 23:24:51+00:00,-1,8
2102-05-08 23:29:54+00:00,-1,7
2102-05-08 23:55:07+00:00,-1,6
2102-05-08 23:56:00+00:00,1,7
2102-05-08 23:56:59+00:00,-1,6
2102-05-09 00:09:00+00:00,1,7
2102-05-09 00:26:59+00:00,-1,6
2102-05-09 00:40:07+00:00,-1,5
2102-05-09 00:42:11+00:00,-1,4
2102-05-09 00:52:00+00:00,1,5
2102-05-09 00:56:00+00:00,1,6
2102-05-09 00:59:32+00:00,-1,5
2102-05-09 01:00:00+00:00,1,6
2102-05-09 01:13:00+00:00,1,7
2102-05-09 01:28:00+00:00,1,8
2102-05-09 02:03:20+00:00,-1,7
2102-05-09 02:04:10+00:00,-1,6
2102-05-09 02:46:14+00:00,-1,5
2102-05-09 02:49:40+00:00,-1,4
2102-05-09 02:55:39+00:00,-1,3
2102-05-09 03:03:11+00:00,-1,2
2102-05-09 03:10:40+00:00,-1,1
2102-05-09 04:22:00+00:00,2,3
2102-05-09 04:36:01+00:00,-1,2
2102-05-09 07:25:39+00:00,-1,1
2102-05-09 07:49:56+00:00,-1,0
2102-05-11 21:11:00+00:00,1,1
2102-05-11 21:21:56+00:00,-1,0
2102-05-11 21:22:00+00:00,1,1
2102-05-11 21:43:00+00:00,2,3
2102-05-11 21:51:00+00:00,1,4
2102-05-11 22:06:36+00:00,-1,3
2102-05-12 00:13:00+00:00,2,5
2102-05-12 00:14:00+00:00,2,7
2102-05-12 00:21:03+00:00,-1,6
2102-05-12 00:25:00+00:00,1,7
2102-05-12 00:45:00+00:00,2,9
2102-05-12 01:01:00+00:00,2,11
2102-05-12 01:19:27+00:00,-1,10
2102-05-12 01:32:14+00:00,-1,9
2102-05-12 01:34:35+00:00,-1,8
2102-05-12 01:41:30+00:00,-1,7
2102-05-12 02:28:54+00:00,-1,6
2102-05-12 02:58:00+00:00,1,7
2102-05-12 03:19:22+00:00,-1,6
2102-05-12 04:03:00+00:00,2,8
2102-05-12 04:04:57+00:00,-1,7
2102-05-12 04:10:02+00:00,-1,6
2102-05-12 04:11:00+00:00,2,8
2102-05-12 04:12:45+00:00,-1,7
2102-05-12 04:22:10+00:00,-1,6
2102-05-12 04:49:06+00:00,-1,5
2102-05-12 04:53:09+00:00,-1,4
2102-05-12 05:06:14+00:00,-1,3
2102-05-12 05:52:41+00:00,-1,2
2102-05-12 09:34:41+00:00,-1,1
2102-05-12 09:36:49+00:00,-1,0
2102-05-12 21:02:00+00:00,2,2
2102-05-12 21:44:00+00:00,1,3
2102-05-12 21:50:21+00:00,-1,2
2102-05-12 22:56:24+00:00,-1,1
2102-05-12 23:30:00+00:00,2,3
2102-05-13 00:18:56+00:00,-1,2
2102-05-13 00:22:21+00:00,-1,1
2102-05-13 00:46:23+00:00,-1,0
2102-05-15 19:48:00+00:00,2,2
2102-05-15 20:24:51+00:00,-1,1
2102-05-15 20:24:57+00:00,-1,0
2102-05-15 22:12:00+00:00,1,1
2102-05-15 22:26:00+00:00,2,3
2102-05-15 22:26:47+00:00,-1,2
2102-05-15 22:30:00+00:00,1,3
2102-05-15 22:32:00+00:00,1,4
2102-05-15 22:41:00+00:00,1,5
2102-05-15 22:43:00+00:00,1,6
2102-05-15 22:54:00+00:00,2,8
2102-05-15 22:55:00+00:00,2,10
2102-05-15 22:59:36+00:00,-1,9
2102-05-15 23:06:50+00:00,-1,8
2102-05-15 23:33:06+00:00,-1,7
2102-05-15 23:43:00+00:00,1,8
2102-05-15 23:43:11+00:00,-1,7
2102-05-16 00:24:00+00:00,1,8
2102-05-16 00:34:00+00:00,2,10
2102-05-16 00:35:39+00:00,-1,9
2102-05-16 00:37:35+00:00,-1,8
2102-05-16 00:53:00+00:00,1,9
2102-05-16 01:01:58+00:00,-1,8
2102-05-16 01:06:56+00:00,-1,7
2102-05-16 01:36:27+00:00,-1,6
2102-05-16 01:51:01+00:00,-1,5
2102-05-16 01:52:14+00:00,-1,4
2102-05-16 01:57:23+00:00,-1,3
2102-05-16 01:58:52+00:00,-1,2
2102-05-16 02:21:56+00:00,-1,1
2102-05-16 03:47:28+00:00,-1,0
2102-05-16 04:11:00+00:00,1,1
2102-05-16 06:15:01+00:00,-1,0
2102-05-17 00:39:00+00:00,2,2
2102-05-17 01:04:29+00:00,-1,1
2102-05-17 02:29:51+00:00,-1,0
2102-05-18 21:33:00+00:00,2,2
2102-05-18 21:57:35+00:00,-1,1
2102-05-18 22:20:39+00:00,-1,0
2102-05-18 23:49:00+00:00,2,2
2102-05-18 23:59:00+00:00,2,4
2102-05-19 00:02:21+00:00,-1,3
2102-05-19 00:28:00+00:00,2,5
2102-05-19 00:40:00+00:00,1,6
2102-05-19 01:07:30+00:00,-1,5
2102-05-19 01:15:00+00:00,1,6
2102-05-19 02:00:02+00:00,-1,5
2102-05-19 03:09:17+00:00,-1,4
2102-05-19 03:43:44+00:00,-1,3
2102-05-19 04:07:00+00:00,2,5
2102-05-19 04:19:00+00:00,1,6
2102-05-19 04:34:00+00:00,1,7
2102-05-19 04:42:41+00:00,-1,6
2102-05-19 04:57:50+00:00,-1,5
2102-05-19 05:00:00+00:00,1,6
2102-05-19 05:41:54+00:00,-1,5
2102-05-19 06:03:00+00:00,-1,4
2102-05-19 07:40:33+00:00,-1,3
2102-05-19 08:52:30+00:00,-1,2
2102-05-19 09:16:13+00:00,-1,1
2102-05-19 09:40:49+00:00,-1,0
2102-05-19 21:26:00+00:00,2,2
2102-05-19 21:32:00+00:00,1,3
2102-05-19 21:40:00+00:00,2,5
2102-05-19 22:20:00+00:00,-1,4
2102-05-19 22:27:00+00:00,1,5
2102-05-19 23:16:51+00:00,-1,4
2102-05-19 23:35:17+00:00,-1,3
2102-05-19 23:53:15+00:00,-1,2
2102-05-20 02:16:10+00:00,-1,1
2102-05-20 02:36:29+00:00,-1,0
2102-05-20 03:36:00+00:00,1,1
2102-05-20 04:25:18+00:00,-1,0
2102-05-22 20:02:00+00:00,1,1
2102-05-22 21:10:42+00:00,-1,0
2102-05-22 21:40:00+00:00,1,1
2102-05-22 22:11:00+00:00,1,2
2102-05-22 22:24:00+00:00,2,4
2102-05-22 22:29:00+00:00,1,5
2102-05-22 22:36:00+00:00,4,9
2102-05-22 22:59:59+00:00,-1,8
2102-05-22 23:08:00+00:00,2,10
2102-05-22 23:12:57+00:00,-1,9
2102-05-22 23:15:00+00:00,2,11
2102-05-22 23:24:56+00:00,-1,10
2102-05-22 23:25:00+00:00,2,12
2102-05-22 23:30:58+00:00,-1,11
2102-05-22 23:48:50+00:00,-1,10
2102-05-22 23:51:55+00:00,-1,9
2102-05-23 00:16:29+00:00,-1,8
2102-05-23 00:29:00+00:00,2,10
2102-05-23 00:35:27+00:00,-1,9
2102-05-23 00:36:27+00:00,-1,8
2102-05-23 00:43:30+00:00,-1,7
2102-05-23 00:48:00+00:00,3,10
2102-05-23 00:58:22+00:00,-1,9
2102-05-23 01:21:24+00:00,-1,8
2102-05-23 01:35:03+00:00,-1,7
2102-05-23 02:22:27+00:00,-1,6
2102-05-23 02:22:45+00:00,-1,5
2102-05-23 03:16:00+00:00,2,7
2102-05-23 03:38:30+00:00,-1,6
2102-05-23 03:49:49+00:00,-1,5
2102-05-23 04:05:20+00:00,-1,4
2102-05-23 04:06:12+00:00,-1,3
2102-05-23 04:42:25+00:00,-1,2
2102-05-23 05:11:32+00:00,-1,1
2102-05-23 05:20:35+00:00,-1,0
2102-05-25 20:56:00+00:00,2,2
2102-05-25 21:18:00+00:00,1,3
2102-05-25 21:19:00+00:00,1,4
2102-05-25 21:19:36+00:00,-1,3
2102-05-25 21:28:56+00:00,-1,2
2102-05-25 22:02:00+00:00,1,3
2102-05-25 22:37:00+00:00,2,5
2102-05-25 22:37:33+00:00,-1,4
2102-05-26 00:57:57+00:00,-1,3
2102-05-26 01:11:51+00:00,-1,2
2102-05-26 02:46:18+00:00,-1,1
2102-05-26 03:43:39+00:00,-1,0
2102-05-26 04:02:00+00:00,1,1
2102-05-26 05:05:00+00:00,1,2
2102-05-26 06:11:00+00:00,1,3
2102-05-26 06:21:47+00:00,-1,2
2102-05-26 06:51:15+00:00,-1,1
2102-05-26 07:20:30+00:00,-1,0
2102-05-26 21:04:00+00:00,2,2
2102-05-26 21:30:43+00:00,-1,1
2102-05-26 21:34:51+00:00,-1,0
2102-05-26 21:46:00+00:00,1,1
2102-05-27 00:24:00+00:00,1,2
2102-05-27 00:25:03+00:00,-1,1
2102-05-27 01:24:00+00:00,2,3
2102-05-27 01:49:27+00:00,-1,2
2102-05-27 02:02:40+00:00,-1,1
2102-05-27 03:16:29+00:00,-1,0
2102-05-27 03:58:00+00:00,1,1
2102-05-27 04:19:22+00:00,-1,0
2102-05-27 04:23:00+00:00,1,1
2102-05-27 05:40:00+00:00,1,2
2102-05-27 06:13:03+00:00,-1,1
2102-05-27 07:01:35+00:00,-1,0
2102-05-29 20:28:00+00:00,2,2
2102-05-29 22:05:00+00:00,1,3
2102-05-29 22:17:00+00:00,2,5
2102-05-29 22:18:00+00:00,2,7
2102-05-29 22:30:20+00:00,-1,6
2102-05-29 22:45:00+00:00,2,8
2102-05-29 22:52:36+00:00,-1,7
2102-05-29 22:53:00+00:00,1,8
2102-05-29 22:54:51+00:00,-1,7
2102-05-29 22:57:00+00:00,4,11
2102-05-29 23:12:55+00:00,-1,10
2102-05-29 23:16:59+00:00,-1,9
2102-05-29 23:21:32+00:00,-1,8
2102-05-29 23:35:00+00:00,1,9
2102-05-29 23:48:59+00:00,-1,8
2102-05-30 00:07:00+00:00,2,10
2102-05-30 00:20:03+00:00,-1,9
2102-05-30 00:29:06+00:00,-1,8
2102-05-30 00:44:00+00:00,1,9
2102-05-30 00:45:07+00:00,-1,8
2102-05-30 00:53:00+00:00,1,9
2102-05-30 00:55:00+00:00,2,11
2102-05-30 01:03:58+00:00,-1,10
2102-05-30 01:04:00+00:00,1,11
2102-05-30 01:16:41+00:00,-1,10
2102-05-30 01:17:20+00:00,-1,9
2102-05-30 01:28:00+00:00,-1,8
2102-05-30 02:25:21+00:00,-1,7
2102-05-30 02:37:01+00:00,-1,6
2102-05-30 03:05:15+00:00,-1,5
2102-05-30 03:23:14+00:00,-1,4
2102-05-30 03:59:44+00:00,-1,3
2102-05-30 04:02:00+00:00,2,5
2102-05-30 04:22:45+00:00,-1,4
2102-05-30 05:28:09+00:00,-1,3
2102-05-30 05:32:25+00:00,-1,2
2102-05-30 09:17:47+00:00,-1,1
2102-05-30 10:42:21+00:00,-1,0
2102-06-01 04:04:00+00:00,2,2
2102-06-01 04:31:55+00:00,-1,1
2102-06-01 05:10:50+00:00,-1,0
2102-06-01 21:54:00+00:00,2,2
2102-06-01 22:22:32+00:00,-1,1
2102-06-01 22:57:00+00:00,1,2
2102-06-01 23:13:00+00:00,2,4
2102-06-01 23:55:31+00:00,-1,3
2102-06-01 23:56:00+00:00,2,5
2102-06-02 00:16:00+00:00,2,7
2102-06-02 00:17:00+00:00,1,8
2102-06-02 00:49:39+00:00,-1,7
2102-06-02 00:54:41+00:00,-1,6
2102-06-02 00:59:00+00:00,1,7
2102-06-02 01:13:01+00:00,-1,6
2102-06-02 02:08:30+00:00,-1,5
2102-06-02 02:40:45+00:00,-1,4
2102-06-02 04:47:56+00:00,-1,3
2102-06-02 05:00:00+00:00,1,4
2102-06-02 05:05:13+00:00,-1,3
2102-06-02 05:09:55+00:00,-1,2
2102-06-02 05:34:25+00:00,-1,1
2102-06-02 06:12:00+00:00,2,3
2102-06-02 07:06:58+00:00,-1,2
2102-06-02 08:06:56+00:00,-1,1
2102-06-02 09:32:17+00:00,-1,0
2102-06-02 21:27:00+00:00,2,2
2102-06-02 21:37:00+00:00,1,3
2102-06-02 21:42:00+00:00,1,4
2102-06-02 22:07:29+00:00,-1,3
2102-06-02 22:08:36+00:00,-1,2
2102-06-02 22:16:18+00:00,-1,1
2102-06-03 00:33:00+00:00,1,2
2102-06-03 02:08:54+00:00,-1,1
2102-06-03 02:39:11+00:00,-1,0
2102-06-03 03:48:00+00:00,1,1
2102-06-03 05:16:21+00:00,-1,0
2102-06-05 19:49:00+00:00,1,1
2102-06-05 21:59:03+00:00,-1,0
2102-06-05 22:16:00+00:00,1,1
2102-06-05 22:27:00+00:00,2,3
2102-06-05 22:28:00+00:00,2,5
2102-06-05 22:30:00+00:00,2,7
2102-06-05 22:32:00+00:00,1,8
2102-06-05 22:39:00+00:00,2,10
2102-06-05 22:46:35+00:00,-1,9
2102-06-05 22:57:00+00:00,2,11
2102-06-05 23:08:36+00:00,-1,10
2102-06-05 23:26:00+00:00,1,11
2102-06-05 23:43:40+00:00,-1,10
2102-06-05 23:58:42+00:00,-1,9
2102-06-06 00:04:34+00:00,-1,8
2102-06-06 00:04:39+00:00,-1,7
2102-06-06 00:17:38+00:00,-1,6
2102-06-06 00:42:00+00:00,2,8
2102-06-06 01:06:02+00:00,-1,7
2102-06-06 01:07:03+00:00,-1,6
2102-06-06 01:11:56+00:00,-1,5
2102-06-06 01:23:00+00:00,2,7
2102-06-06 01:25:11+00:00,-1,6
2102-06-06 01:45:48+00:00,-1,5
2102-06-06 02:35:27+00:00,-1,4
2102-06-06 03:42:47+00:00,-1,3
2102-06-06 03:45:00+00:00,2,5
2102-06-06 04:22:01+00:00,-1,4
2102-06-06 05:20:28+00:00,-1,3
2102-06-06 06:47:52+00:00,-1,2
2102-06-06 07:32:04+00:00,-1,1
2102-06-06 08:38:49+00:00,-1,0
2102-06-07 00:40:00+00:00,2,2
2102-06-07 01:45:39+00:00,-1,1
2102-06-07 03:03:46+00:00,-1,0
2102-06-07 03:21:00+00:00,1,1
2102-06-07 04:00:07+00:00,-1,0
2102-06-07 05:39:00+00:00,1,1
2102-06-07 05:49:22+00:00,-1,0
2102-06-08 21:34:00+00:00,1,1
2102-06-08 22:27:42+00:00,-1,0
2102-06-09 00:56:00+00:00,2,2
2102-06-09 01:06:22+00:00,-1,1
2102-06-09 02:13:00+00:00,2,3
2102-06-09 02:36:00+00:00,-1,2
2102-06-09 03:37:00+00:00,2,4
2102-06-09 04:07:44+00:00,-1,3
2102-06-09 04:22:00+00:00,2,5
2102-06-09 04:24:39+00:00,-1,4
2102-06-09 04:35:25+00:00,-1,3
2102-06-09 05:29:14+00:00,-1,2
2102-06-09 06:13:10+00:00,-1,1
2102-06-09 08:32:27+00:00,-1,0
2102-06-09 21:13:00+00:00,2,2
2102-06-09 21:17:00+00:00,1,3
2102-06-09 21:49:55+00:00,-1,2
2102-06-09 22:13:06+00:00,-1,1
2102-06-09 22:53:00+00:00,1,2
2102-06-09 23:30:24+00:00,-1,1
2102-06-09 23:56:00+00:00,1,2
2102-06-10 00:10:16+00:00,-1,1
2102-06-10 00:37:00+00:00,1,2
2102-06-10 01:49:27+00:00,-1,1
2102-06-10 02:02:39+00:00,-1,0
2102-06-10 02:46:00+00:00,1,1
2102-06-10 03:39:11+00:00,-1,0
2102-06-10 03:41:00+00:00,1,1
2102-06-10 03:46:00+00:00,1,2
2102-06-10 04:03:39+00:00,-1,1
2102-06-10 04:34:44+00:00,-1,0
2102-06-10 04:53:00+00:00,1,1
2102-06-10 06:15:00+00:00,1,2
2102-06-10 06:59:47+00:00,-1,1
2102-06-10 09:57:56+00:00,-1,0
2102-06-12 20:32:00+00:00,1,1
2102-06-12 20:59:00+00:00,2,3
2102-06-12 21:51:00+00:00,2,5
2102-06-12 21:58:00+00:00,2,7
2102-06-12 22:02:00+00:00,2,9
2102-06-12 22:11:00+00:00,1,10
2102-06-12 22:19:00+00:00,2,12
2102-06-12 22:29:51+00:00,-1,11
2102-06-12 22:40:18+00:00,-1,10
2102-06-12 22:42:00+00:00,2,12
2102-06-12 22:47:00+00:00,2,14
2102-06-12 22:58:00+00:00,1,15
2102-06-12 23:12:41+00:00,-1,14
2102-06-12 23:22:00+00:00,-1,13
2102-06-12 23:25:55+00:00,-1,12
2102-06-12 23:29:00+00:00,2,14
2102-06-12 23:53:10+00:00,-1,13
2102-06-12 23:54:28+00:00,-1,12
2102-06-13 00:04:33+00:00,-1,11
2102-06-13 00:05:03+00:00,-1,10
2102-06-13 00:05:38+00:00,-1,9
2102-06-13 01:02:00+00:00,2,11
2102-06-13 01:02:41+00:00,-1,10
2102-06-13 01:11:00+00:00,2,12
2102-06-13 01:13:00+00:00,2,14
2102-06-13 01:48:52+00:00,-1,13
2102-06-13 02:15:06+00:00,-1,12
2102-06-13 02:15:54+00:00,-1,11
2102-06-13 02:28:18+00:00,-1,10
2102-06-13 02:47:33+00:00,-1,9
2102-06-13 02:53:00+00:00,-1,8
2102-06-13 02:59:40+00:00,-1,7
2102-06-13 03:05:31+00:00,-1,6
2102-06-13 03:07:57+00:00,-1,5
2102-06-13 03:16:58+00:00,-1,4
2102-06-13 03:26:12+00:00,-1,3
2102-06-13 04:01:00+00:00,2,5
2102-06-13 04:01:47+00:00,-1,4
2102-06-13 04:22:35+00:00,-1,3
2102-06-13 04:39:49+00:00,-1,2
2102-06-13 04:44:37+00:00,-1,1
2102-06-13 04:53:11+00:00,-1,0
2102-06-15 21:33:00+00:00,1,1
2102-06-15 21:37:00+00:00,2,3
2102-06-15 22:07:00+00:00,2,5
2102-06-15 22:08:33+00:00,-1,4
2102-06-15 22:42:06+00:00,-1,3
2102-06-15 23:52:38+00:00,-1,2
2102-06-16 01:17:17+00:00,-1,1
2102-06-16 02:55:58+00:00,-1,0
2102-06-16 04:50:00+00:00,1,1
2102-06-16 05:04:00+00:00,1,2
2102-06-16 05:25:33+00:00,-1,1
2102-06-16 05:43:00+00:00,1,2
2102-06-16 06:07:17+00:00,-1,1
2102-06-16 06:24:00+00:00,1,2
2102-06-16 11:02:55+00:00,-1,1
2102-06-16 11:16:49+00:00,-1,0
2102-06-16 21:50:00+00:00,2,2
2102-06-16 23:02:49+00:00,-1,1
2102-06-17 00:17:08+00:00,-1,0
2102-06-17 00:32:00+00:00,1,1
2102-06-17 00:35:00+00:00,1,2
2102-06-17 01:25:59+00:00,-1,1
2102-06-17 01:52:01+00:00,-1,0
2102-06-17 04:51:00+00:00,1,1
2102-06-17 04:52:00+00:00,1,2
2102-06-17 05:00:10+00:00,-1,1
2102-06-17 05:22:00+00:00,1,2
2102-06-17 05:47:06+00:00,-1,1
2102-06-17 05:49:00+00:00,1,2
2102-06-17 06:24:53+00:00,-1,1
2102-06-17 07:30:00+00:00,1,2
2102-06-17 07:48:13+00:00,-1,1
2102-06-17 09:24:56+00:00,-1,0
2102-06-19 21:51:00+00:00,2,2
2102-06-19 21:56:00+00:00,1,3
2102-06-19 22:36:00+00:00,2,5
2102-06-19 22:38:00+00:00,1,6
2102-06-19 22:40:18+00:00,-1,5
2102-06-19 22:41:00+00:00,2,7
2102-06-19 22:42:00+00:00,2,9
2102-06-19 22:58:00+00:00,1,10
2102-06-19 23:07:29+00:00,-1,9
2102-06-19 23:22:00+00:00,1,10
2102-06-19 23:31:42+00:00,-1,9
2102-06-19 23:43:00+00:00,2,11
2102-06-19 23:46:51+00:00,-1,10
2102-06-19 23:53:20+00:00,-1,9
2102-06-19 23:57:47+00:00,-1,8
2102-06-20 00:03:06+00:00,-1,7
2102-06-20 00:31:00+00:00,2,9
2102-06-20 00:42:00+00:00,2,11
2102-06-20 00:43:00+00:00,2,13
2102-06-20 00:46:21+00:00,-1,12
2102-06-20 01:09:05+00:00,-1,11
2102-06-20 01:10:00+00:00,2,13
2102-06-20 01:20:38+00:00,-1,12
2102-06-20 01:22:34+00:00,-1,11
2102-06-20 01:24:28+00:00,-1,10
2102-06-20 01:31:00+00:00,2,12
2102-06-20 01:33:07+00:00,-1,11
2102-06-20 01:57:45+00:00,-1,10
2102-06-20 02:04:58+00:00,-1,9
2102-06-20 03:27:55+00:00,-1,8
2102-06-20 03:30:00+00:00,2,10
2102-06-20 03:42:39+00:00,-1,9
2102-06-20 03:51:35+00:00,-1,8
2102-06-20 03:59:06+00:00,-1,7
2102-06-20 04:26:01+00:00,-1,6
2102-06-20 05:00:13+00:00,-1,5
2102-06-20 05:00:30+00:00,-1,4
2102-06-20 05:19:15+00:00,-1,3
2102-06-20 05:19:24+00:00,-1,2
2102-06-20 05:42:47+00:00,-1,1
2102-06-20 05:44:23+00:00,-1,0
2102-06-22 20:37:00+00:00,1,1
2102-06-22 20:45:00+00:00,1,2
2102-06-22 21:00:00+00:00,1,3
2102-06-22 21:16:00+00:00,2,5
2102-06-22 21:42:00+00:00,1,6
2102-06-22 22:29:07+00:00,-1,5
2102-06-22 22:55:00+00:00,2,7
2102-06-22 23:05:13+00:00,-1,6
2102-06-22 23:11:02+00:00,-1,5
2102-06-22 23:17:38+00:00,-1,4
2102-06-22 23:35:36+00:00,-1,3
2102-06-22 23:42:00+00:00,2,5
2102-06-22 23:42:50+00:00,-1,4
2102-06-23 00:11:44+00:00,-1,3
2102-06-23 00:17:00+00:00,1,4
2102-06-23 02:22:33+00:00,-1,3
2102-06-23 02:26:37+00:00,-1,2
2102-06-23 04:36:00+00:00,1,3
2102-06-23 04:42:16+00:00,-1,2
2102-06-23 06:01:39+00:00,-1,1
2102-06-23 06:08:00+00:00,2,3
2102-06-23 06:11:21+00:00,-1,2
2102-06-23 07:37:16+00:00,-1,1
2102-06-23 07:46:40+00:00,-1,0
2102-06-23 21:25:00+00:00,2,2
2102-06-23 21:38:00+00:00,3,5
2102-06-23 22:00:39+00:00,-1,4
2102-06-23 22:02:00+00:00,1,5
2102-06-23 22:07:52+00:00,-1,4
2102-06-23 22:30:06+00:00,-1,3
2102-06-23 23:02:06+00:00,-1,2
2102-06-24 00:04:00+00:00,1,3
2102-06-24 00:58:58+00:00,-1,2
2102-06-24 02:10:35+00:00,-1,1
2102-06-24 02:30:14+00:00,-1,0
2102-06-24 04:01:00+00:00,1,1
2102-06-24 04:22:22+00:00,-1,0
2102-06-26 19:14:00+00:00,2,2
2102-06-26 21:21:00+00:00,2,4
2102-06-26 21:47:00+00:00,2,6
2102-06-26 21:56:00+00:00,1,7
2102-06-26 22:13:00+00:00,1,8
2102-06-26 22:23:00+00:00,2,10
2102-06-26 22:24:00+00:00,2,12
2102-06-26 22:41:00+00:00,2,14
2102-06-26 22:46:00+00:00,2,16
2102-06-26 22:51:00+00:00,2,18
2102-06-26 23:01:56+00:00,-1,17
2102-06-26 23:08:00+00:00,2,19
2102-06-26 23:22:31+00:00,-1,18
2102-06-26 23:24:00+00:00,1,19
2102-06-26 23:30:20+00:00,-1,18
2102-06-26 23:48:38+00:00,-1,17
2102-06-26 23:58:41+00:00,-1,16
2102-06-27 00:04:21+00:00,-1,15
2102-06-27 00:10:58+00:00,-1,14
2102-06-27 00:17:46+00:00,-1,13
2102-06-27 00:27:04+00:00,-1,12
2102-06-27 00:27:41+00:00,-1,11
2102-06-27 00:50:00+00:00,2,13
2102-06-27 01:02:40+00:00,-1,12
2102-06-27 01:11:04+00:00,-1,11
2102-06-27 01:19:00+00:00,2,13
2102-06-27 01:57:21+00:00,-1,12
2102-06-27 02:08:14+00:00,-1,11
2102-06-27 02:13:45+00:00,-1,10
2102-06-27 02:35:22+00:00,-1,9
2102-06-27 02:39:58+00:00,-1,8
2102-06-27 02:43:26+00:00,-1,7
2102-06-27 03:07:49+00:00,-1,6
2102-06-27 03:26:37+00:00,-1,5
2102-06-27 03:30:54+00:00,-1,4
2102-06-27 03:38:26+00:00,-1,3
2102-06-27 03:59:55+00:00,-1,2
2102-06-27 04:14:00+00:00,2,4
2102-06-27 05:21:29+00:00,-1,3
2102-06-27 05:32:32+00:00,-1,2
2102-06-27 05:53:30+00:00,-1,1
2102-06-27 07:24:17+00:00,-1,0
2102-06-29 20:44:00+00:00,1,1
2102-06-30 00:35:00+00:00,1,2
2102-06-30 01:43:20+00:00,-1,1
2102-06-30 04:59:00+00:00,1,2
2102-06-30 05:19:59+00:00,-1,1
2102-06-30 05:49:41+00:00,-1,0
2102-06-30 21:49:00+00:00,1,1
2102-06-30 22:19:47+00:00,-1,0
2102-06-30 22:57:00+00:00,1,1
2102-06-30 22:59:00+00:00,1,2
2102-06-30 23:46:15+00:00,-1,1
2102-07-01 00:16:00+00:00,2,3
2102-07-01 00:17:30+00:00,-1,2
2102-07-01 00:24:00+00:00,1,3
2102-07-01 00:56:15+00:00,-1,2
2102-07-01 00:58:00+00:00,1,3
2102-07-01 01:41:46+00:00,-1,2
2102-07-01 02:29:41+00:00,-1,1
2102-07-01 02:31:00+00:00,2,3
2102-07-01 03:22:00+00:00,1,4
2102-07-01 03:22:24+00:00,-1,3
2102-07-01 03:51:39+00:00,-1,2
2102-07-01 04:03:00+00:00,1,3
2102-07-01 04:03:36+00:00,-1,2
2102-07-01 04:04:00+00:00,1,3
2102-07-01 04:16:00+00:00,1,4
2102-07-01 04:42:51+00:00,-1,3
2102-07-01 05:10:14+00:00,-1,2
2102-07-01 05:35:58+00:00,-1,1
2102-07-01 07:25:00+00:00,1,2
2102-07-01 08:04:49+00:00,-1,1
2102-07-01 08:32:34+00:00,-1,0
2102-07-03 20:45:00+00:00,2,2
2102-07-03 21:06:22+00:00,-1,1
2102-07-03 22:07:00+00:00,4,5
2102-07-03 22:14:00+00:00,2,7
2102-07-03 22:29:00+00:00,2,9
2102-07-03 22:36:00+00:00,2,11
2102-07-03 22:37:30+00:00,-1,10
2102-07-03 22:43:35+00:00,-1,9
2102-07-03 22:50:00+00:00,2,11
2102-07-03 22:52:00+00:00,2,13
2102-07-03 22:55:21+00:00,-1,12
2102-07-03 23:07:42+00:00,-1,11
2102-07-03 23:27:24+00:00,-1,10
2102-07-03 23:28:23+00:00,-1,9
2102-07-03 23:39:43+00:00,-1,8
2102-07-04 00:03:00+00:00,2,10
2102-07-04 00:21:58+00:00,-1,9
2102-07-04 00:28:00+00:00,2,11
2102-07-04 00:37:10+00:00,-1,10
2102-07-04 00:38:22+00:00,-1,9
2102-07-04 00:52:00+00:00,2,11
2102-07-04 00:59:14+00:00,-1,10
2102-07-04 01:03:00+00:00,2,12
2102-07-04 01:08:15+00:00,-1,11
2102-07-04 01:11:36+00:00,-1,10
2102-07-04 01:33:00+00:00,-1,9
2102-07-04 01:48:37+00:00,-1,8
2102-07-04 01:51:17+00:00,-1,7
2102-07-04 02:13:21+00:00,-1,6
2102-07-04 02:21:29+00:00,-1,5
2102-07-04 02:29:42+00:00,-1,4
2102-07-04 03:19:29+00:00,-1,3
2102-07-04 03:58:00+00:00,2,5
2102-07-04 04:07:10+00:00,-1,4
2102-07-04 04:27:00+00:00,2,6
2102-07-04 04:35:08+00:00,-1,5
2102-07-04 04:44:17+00:00,-1,4
2102-07-04 05:12:10+00:00,-1,3
2102-07-04 05:55:06+00:00,-1,2
2102-07-04 08:44:45+00:00,-1,1
2102-07-04 09:35:36+00:00,-1,0
2102-07-04 23:09:00+00:00,2,2
2102-07-04 23:36:39+00:00,-1,1
2102-07-05 02:16:27+00:00,-1,0
2102-07-06 22:38:00+00:00,1,1
2102-07-07 01:55:00+00:00,-1,0
2102-07-07 03:57:00+00:00,1,1
2102-07-07 04:06:00+00:00,1,2
2102-07-07 05:12:00+00:00,1,3
2102-07-07 05:12:40+00:00,-1,2
2102-07-07 05:25:35+00:00,-1,1
2102-07-07 05:31:00+00:00,1,2
2102-07-07 06:00:00+00:00,-1,1
2102-07-07 08:48:00+00:00,-1,0
2102-07-07 21:28:00+00:00,1,1
2102-07-07 22:41:11+00:00,-1,0
2102-07-07 23:05:00+00:00,1,1
2102-07-08 00:01:00+00:00,1,2
2102-07-08 00:33:25+00:00,-1,1
2102-07-08 01:17:44+00:00,-1,0
2102-07-08 01:48:00+00:00,1,1
2102-07-08 02:16:32+00:00,-1,0
2102-07-08 03:24:00+00:00,1,1
2102-07-08 03:27:00+00:00,1,2
2102-07-08 03:51:26+00:00,-1,1
2102-07-08 04:14:00+00:00,1,2
2102-07-08 04:24:00+00:00,1,3
2102-07-08 05:11:01+00:00,-1,2
2102-07-08 05:46:25+00:00,-1,1
2102-07-08 06:16:08+00:00,-1,0
2102-07-08 06:17:00+00:00,1,1
2102-07-08 06:23:00+00:00,1,2
2102-07-08 06:52:53+00:00,-1,1
2102-07-08 07:05:52+00:00,-1,0
2102-07-10 05:44:00+00:00,2,2
2102-07-10 05:47:21+00:00,-1,1
2102-07-10 10:38:21+00:00,-1,0
2102-07-10 20:30:00+00:00,2,2
2102-07-10 21:55:13+00:00,-1,1
2102-07-10 22:02:00+00:00,2,3
2102-07-10 22:04:00+00:00,2,5
2102-07-10 22:09:00+00:00,2,7
2102-07-10 22:14:00+00:00,2,9
2102-07-10 22:33:00+00:00,2,11
2102-07-10 22:38:00+00:00,2,13
2102-07-10 22:40:00+00:00,2,15
2102-07-10 22:53:00+00:00,2,17
2102-07-10 22:53:07+00:00,-2,15
2102-07-10 22:53:51+00:00,-1,14
2102-07-10 22:57:41+00:00,-1,13
2102-07-10 23:04:00+00:00,2,15
2102-07-10 23:07:00+00:00,2,17
2102-07-10 23:24:08+00:00,-1,16
2102-07-10 23:27:21+00:00,-1,15
2102-07-10 23:56:44+00:00,-1,14
2102-07-11 00:01:00+00:00,2,16
2102-07-11 00:04:15+00:00,-1,15
2102-07-11 00:08:41+00:00,-1,14
2102-07-11 00:13:04+00:00,-1,13
2102-07-11 00:21:41+00:00,-1,12
2102-07-11 00:29:49+00:00,-1,11
2102-07-11 00:33:00+00:00,2,13
2102-07-11 00:52:00+00:00,2,15
2102-07-11 00:59:30+00:00,-1,14
2102-07-11 01:19:56+00:00,-1,13
2102-07-11 01:27:30+00:00,-1,12
2102-07-11 01:54:27+00:00,-1,11
2102-07-11 02:15:31+00:00,-1,10
2102-07-11 02:19:39+00:00,-1,9
2102-07-11 02:24:45+00:00,-1,8
2102-07-11 02:24:57+00:00,-1,7
2102-07-11 04:01:41+00:00,-1,6
2102-07-11 04:08:27+00:00,-1,5
2102-07-11 04:11:54+00:00,-1,4
2102-07-11 04:19:20+00:00,-1,3
2102-07-11 04:31:56+00:00,-1,2
2102-07-11 05:36:08+00:00,-1,1
2102-07-11 05:44:20+00:00,-1,0
2102-07-17 21:12:00+00:00,1,1
2102-07-17 21:42:47+00:00,-1,0
2102-07-17 22:19:00+00:00,2,2
2102-07-17 22:32:00+00:00,1,3
2102-07-17 22:46:00+00:00,1,4
2102-07-17 22:59:00+00:00,1,5
2102-07-17 23:04:00+00:00,1,6
2102-07-17 23:18:00+00:00,1,7
2102-07-17 23:32:06+00:00,-1,6
2102-07-17 23:39:00+00:00,1,7
2102-07-17 23:46:36+00:00,-1,6
2102-07-17 23:59:06+00:00,-1,5
2102-07-18 00:10:54+00:00,-1,4
2102-07-18 00:21:00+00:00,1,5
2102-07-18 00:48:00+00:00,1,6
2102-07-18 00:55:00+00:00,1,7
2102-07-18 01:28:03+00:00,-1,6
2102-07-18 02:01:00+00:00,1,7
2102-07-18 02:16:35+00:00,-1,6
2102-07-18 02:17:00+00:00,1,7
2102-07-18 02:26:40+00:00,-1,6
2102-07-18 02:38:26+00:00,-1,5
2102-07-18 02:40:06+00:00,-1,4
2102-07-18 02:41:30+00:00,-1,3
2102-07-18 03:22:04+00:00,-1,2
2102-07-18 03:34:47+00:00,-1,1
2102-07-18 04:17:41+00:00,-1,0
2102-07-18 04:41:00+00:00,1,1
2102-07-18 06:19:40+00:00,-1,0
2102-07-20 21:13:00+00:00,2,2
2102-07-20 21:26:39+00:00,-1,1
2102-07-20 22:23:00+00:00,2,3
2102-07-20 22:43:00+00:00,1,4
2102-07-20 22:59:00+00:00,2,6
2102-07-20 23:30:54+00:00,-1,5
2102-07-20 23:48:00+00:00,2,7
2102-07-21 00:07:07+00:00,-1,6
2102-07-21 00:20:00+00:00,1,7
2102-07-21 00:34:10+00:00,-1,6
2102-07-21 00:50:08+00:00,-1,5
2102-07-21 01:06:14+00:00,-1,4
2102-07-21 01:27:21+00:00,-1,3
2102-07-21 01:40:19+00:00,-1,2
2102-07-21 03:14:52+00:00,-1,1
2102-07-21 04:01:00+00:00,1,2
2102-07-21 05:00:00+00:00,1,3
2102-07-21 05:41:41+00:00,-1,2
2102-07-21 06:11:50+00:00,-1,1
2102-07-21 08:53:31+00:00,-1,0
2102-07-21 20:49:00+00:00,2,2
2102-07-21 20:52:00+00:00,1,3
2102-07-21 20:58:00+00:00,2,5
2102-07-21 21:40:21+00:00,-1,4
2102-07-21 21:41:02+00:00,-1,3
2102-07-21 21:47:00+00:00,2,5
2102-07-21 22:00:00+00:00,2,7
2102-07-21 22:08:33+00:00,-1,6
2102-07-21 22:17:00+00:00,2,8
2102-07-21 22:21:34+00:00,-1,7
2102-07-21 22:24:41+00:00,-1,6
2102-07-21 23:33:47+00:00,-1,5
2102-07-21 23:49:50+00:00,-1,4
2102-07-22 00:15:00+00:00,1,5
2102-07-22 00:28:11+00:00,-1,4
2102-07-22 01:40:55+00:00,-1,3
2102-07-22 02:07:58+00:00,-1,2
2102-07-22 02:14:32+00:00,-1,1
2102-07-22 03:01:53+00:00,-1,0
2102-07-24 20:31:00+00:00,1,1
2102-07-24 22:03:00+00:00,1,2
2102-07-24 22:22:00+00:00,1,3
2102-07-24 22:25:00+00:00,2,5
2102-07-24 22:28:00+00:00,1,6
2102-07-24 22:29:00+00:00,2,8
2102-07-24 22:45:00+00:00,1,9
2102-07-24 22:50:00+00:00,1,10
2102-07-24 22:50:39+00:00,-1,9
2102-07-24 22:53:00+00:00,2,11
2102-07-24 22:53:26+00:00,-1,10
2102-07-24 22:53:59+00:00,-1,9
2102-07-24 22:58:00+00:00,2,11
2102-07-24 23:04:07+00:00,-1,10
2102-07-24 23:10:44+00:00,-1,9
2102-07-24 23:25:39+00:00,-1,8
2102-07-24 23:33:02+00:00,-1,7
2102-07-24 23:38:00+00:00,1,8
2102-07-25 00:19:51+00:00,-1,7
2102-07-25 00:20:52+00:00,-1,6
2102-07-25 00:20:58+00:00,-1,5
2102-07-25 00:27:12+00:00,-1,4
2102-07-25 00:27:49+00:00,-1,3
2102-07-25 00:43:00+00:00,2,5
2102-07-25 00:44:15+00:00,-1,4
2102-07-25 00:47:00+00:00,2,6
2102-07-25 00:57:22+00:00,-1,5
2102-07-25 01:09:00+00:00,2,7
2102-07-25 01:24:34+00:00,-1,6
2102-07-25 01:34:18+00:00,-1,5
2102-07-25 01:47:11+00:00,-1,4
2102-07-25 03:03:56+00:00,-1,3
2102-07-25 03:55:53+00:00,-1,2
2102-07-25 03:58:44+00:00,-1,1
2102-07-25 04:02:00+00:00,1,2
2102-07-25 04:23:35+00:00,-1,1
2102-07-25 04:43:16+00:00,-1,0
2102-07-25 21:26:00+00:00,1,1
2102-07-26 01:36:14+00:00,-1,0
2102-07-27 20:23:00+00:00,2,2
2102-07-27 20:28:00+00:00,2,4
2102-07-27 20:47:26+00:00,-1,3
2102-07-27 20:53:29+00:00,-1,2
2102-07-27 21:51:00+00:00,2,4
2102-07-27 21:56:44+00:00,-1,3
2102-07-27 22:17:00+00:00,2,5
2102-07-27 22:19:00+00:00,2,7
2102-07-27 22:40:43+00:00,-1,6
2102-07-27 22:53:57+00:00,-1,5
2102-07-27 23:26:57+00:00,-1,4
2102-07-27 23:40:21+00:00,-1,3
2102-07-28 00:24:21+00:00,-1,2
2102-07-28 00:32:00+00:00,1,3
2102-07-28 00:49:00+00:00,1,4
2102-07-28 01:04:00+00:00,1,5
2102-07-28 01:47:27+00:00,-1,4
2102-07-28 02:26:00+00:00,2,6
2102-07-28 02:36:38+00:00,-1,5
2102-07-28 02:56:59+00:00,-1,4
2102-07-28 03:21:23+00:00,-1,3
2102-07-28 03:37:00+00:00,2,5
2102-07-28 03:37:47+00:00,-1,4
2102-07-28 03:39:00+00:00,2,6
2102-07-28 03:44:32+00:00,-1,5
2102-07-28 03:58:22+00:00,-1,4
2102-07-28 04:45:32+00:00,-1,3
2102-07-28 05:08:00+00:00,1,4
2102-07-28 05:24:24+00:00,-1,3
2102-07-28 05:28:00+00:00,1,4
2102-07-28 05:59:08+00:00,-1,3
2102-07-28 06:13:00+00:00,1,4
2102-07-28 07:44:12+00:00,-1,3
2102-07-28 08:06:27+00:00,-1,2
2102-07-28 09:01:44+00:00,-1,1
2102-07-28 09:12:49+00:00,-1,0
2102-07-28 22:14:00+00:00,2,2
2102-07-28 22:38:41+00:00,-1,1
2102-07-29 00:32:39+00:00,-1,0
2102-07-31 21:11:00+00:00,1,1
2102-07-31 22:05:00+00:00,1,2
2102-07-31 22:13:00+00:00,2,4
2102-07-31 22:18:00+00:00,1,5
2102-07-31 22:31:00+00:00,2,7
2102-07-31 22:35:00+00:00,3,10
2102-07-31 22:38:29+00:00,-1,9
2102-07-31 22:49:00+00:00,1,10
2102-07-31 22:49:54+00:00,-1,9
2102-07-31 23:02:55+00:00,-1,8
2102-07-31 23:33:00+00:00,1,9
2102-08-01 00:08:38+00:00,-1,8
2102-08-01 00:23:00+00:00,1,9
2102-08-01 00:23:39+00:00,-1,8
2102-08-01 00:24:42+00:00,-1,7
2102-08-01 00:36:38+00:00,-2,5
2102-08-01 00:43:00+00:00,2,7
2102-08-01 01:12:30+00:00,-1,6
2102-08-01 01:18:00+00:00,3,9
2102-08-01 01:39:55+00:00,-1,8
2102-08-01 02:01:14+00:00,-1,7
2102-08-01 02:39:21+00:00,-1,6
2102-08-01 02:42:41+00:00,-1,5
2102-08-01 02:56:41+00:00,-1,4
2102-08-01 02:58:00+00:00,-1,3
2102-08-01 03:00:27+00:00,-1,2
2102-08-01 03:37:48+00:00,-1,1
2102-08-01 03:51:54+00:00,-1,0
2102-08-01 04:14:00+00:00,2,2
2102-08-01 04:35:22+00:00,-1,1
2102-08-01 04:54:00+00:00,-1,0
2102-08-03 20:59:00+00:00,2,2
2102-08-03 21:18:00+00:00,2,4
2102-08-03 21:25:00+00:00,2,6
2102-08-03 21:42:35+00:00,-1,5
2102-08-03 22:11:42+00:00,-1,4
2102-08-03 22:13:21+00:00,-1,3
2102-08-03 22:41:44+00:00,-1,2
2102-08-03 22:53:00+00:00,2,4
2102-08-04 00:06:00+00:00,2,6
2102-08-04 00:59:00+00:00,2,8
2102-08-04 01:06:41+00:00,-1,7
2102-08-04 01:41:28+00:00,-1,6
2102-08-04 01:43:55+00:00,-1,5
2102-08-04 01:46:00+00:00,-1,4
2102-08-04 02:15:26+00:00,-1,3
2102-08-04 02:56:38+00:00,-1,2
2102-08-04 02:56:40+00:00,-1,1
2102-08-04 03:41:00+00:00,1,2
2102-08-04 04:38:55+00:00,-1,1
2102-08-04 05:57:08+00:00,-1,0
2102-08-04 20:29:00+00:00,2,2
2102-08-04 22:24:00+00:00,2,4
2102-08-04 22:31:15+00:00,-1,3
2102-08-04 22:32:00+00:00,1,4
2102-08-04 22:43:45+00:00,-1,3
2102-08-04 23:50:00+00:00,2,5
2102-08-04 23:51:15+00:00,-1,4
2102-08-05 00:07:00+00:00,2,6
2102-08-05 00:18:38+00:00,-1,5
2102-08-05 00:27:34+00:00,-1,4
2102-08-05 00:36:41+00:00,-1,3
2102-08-05 00:47:00+00:00,-1,2
2102-08-05 00:58:24+00:00,-1,1
2102-08-05 02:59:30+00:00,-1,0
2102-08-05 04:17:00+00:00,1,1
2102-08-05 04:48:00+00:00,1,2
2102-08-05 05:13:03+00:00,-1,1
2102-08-05 05:18:51+00:00,-1,0
2102-08-05 06:38:00+00:00,2,2
2102-08-05 06:51:35+00:00,-1,1
2102-08-05 07:18:27+00:00,-1,0
2102-08-07 20:43:00+00:00,1,1
2102-08-07 21:19:57+00:00,-1,0
2102-08-07 21:52:00+00:00,1,1
2102-08-07 22:11:00+00:00,1,2
2102-08-07 22:23:00+00:00,1,3
2102-08-07 22:24:29+00:00,-1,2
2102-08-07 22:28:00+00:00,1,3
2102-08-07 22:32:26+00:00,-1,2
2102-08-07 22:40:00+00:00,1,3
2102-08-07 22:47:00+00:00,1,4
2102-08-07 22:51:00+00:00,2,6
2102-08-07 22:55:00+00:00,2,8
2102-08-07 23:03:00+00:00,2,10
2102-08-07 23:12:00+00:00,2,12
2102-08-07 23:24:22+00:00,-1,11
2102-08-07 23:28:39+00:00,-1,10
2102-08-07 23:30:06+00:00,-1,9
2102-08-07 23:33:42+00:00,-1,8
2102-08-07 23:47:06+00:00,-1,7
2102-08-08 00:01:18+00:00,-1,6
2102-08-08 00:28:39+00:00,-1,5
2102-08-08 00:28:50+00:00,-1,4
2102-08-08 00:34:22+00:00,-1,3
2102-08-08 00:35:00+00:00,-1,2
2102-08-08 00:38:25+00:00,-1,1
2102-08-08 01:01:00+00:00,1,2
2102-08-08 01:02:00+00:00,2,4
2102-08-08 01:11:00+00:00,1,5
2102-08-08 01:49:28+00:00,-1,4
2102-08-08 01:54:46+00:00,-1,3
2102-08-08 02:07:06+00:00,-1,2
2102-08-08 02:58:40+00:00,-1,1
2102-08-08 03:35:21+00:00,-1,0
2102-08-09 00:56:00+00:00,2,2
2102-08-09 01:31:53+00:00,-1,1
2102-08-09 03:03:37+00:00,-1,0
2102-08-10 21:46:00+00:00,2,2
2102-08-10 22:16:47+00:00,-1,1
2102-08-10 23:02:00+00:00,2,3
2102-08-10 23:12:09+00:00,-1,2
2102-08-10 23:40:24+00:00,-1,1
2102-08-10 23:54:00+00:00,2,3
2102-08-10 23:55:15+00:00,-1,2
2102-08-11 02:30:27+00:00,-1,1
2102-08-11 04:16:00+00:00,1,2
2102-08-11 04:45:07+00:00,-1,1
2102-08-11 04:55:00+00:00,1,2
2102-08-11 04:57:36+00:00,-1,1
2102-08-11 06:13:00+00:00,2,3
2102-08-11 06:19:00+00:00,1,4
2102-08-11 06:33:00+00:00,1,5
2102-08-11 06:57:47+00:00,-1,4
2102-08-11 07:01:52+00:00,-1,3
2102-08-11 07:17:25+00:00,-1,2
2102-08-11 08:46:41+00:00,-1,1
2102-08-11 08:54:56+00:00,-1,0
2102-08-11 21:21:00+00:00,1,1
2102-08-11 21:26:00+00:00,2,3
2102-08-11 21:31:00+00:00,2,5
2102-08-11 21:59:51+00:00,-1,4
2102-08-11 22:10:00+00:00,2,6
2102-08-11 22:24:11+00:00,-1,5
2102-08-11 22:32:39+00:00,-1,4
2102-08-11 22:44:11+00:00,-1,3
2102-08-11 23:55:56+00:00,-1,2
2102-08-12 00:04:00+00:00,-1,1
2102-08-12 02:05:22+00:00,-1,0
2102-08-12 02:49:00+00:00,1,1
2102-08-12 03:48:00+00:00,1,2
2102-08-12 03:54:00+00:00,1,3
2102-08-12 04:02:35+00:00,-1,2
2102-08-12 04:53:04+00:00,-1,1
2102-08-12 06:23:00+00:00,-1,0
2102-08-14 03:51:00+00:00,1,1
2102-08-14 04:18:55+00:00,-1,0
2102-08-14 20:35:00+00:00,2,2
2102-08-14 21:22:01+00:00,-1,1
2102-08-14 22:15:00+00:00,2,3
2102-08-14 22:30:00+00:00,2,5
2102-08-14 22:33:00+00:00,1,6
2102-08-14 22:44:00+00:00,1,7
2102-08-14 22:48:00+00:00,1,8
2102-08-14 22:49:23+00:00,-1,7
2102-08-14 22:51:00+00:00,2,9
2102-08-14 22:51:59+00:00,-1,8
2102-08-14 22:55:30+00:00,-1,7
2102-08-14 22:59:00+00:00,2,9
2102-08-14 23:25:11+00:00,-1,8
2102-08-14 23:26:39+00:00,-1,7
2102-08-15 00:04:48+00:00,-1,6
2102-08-15 00:09:13+00:00,-1,5
2102-08-15 00:13:13+00:00,-1,4
2102-08-15 00:35:00+00:00,1,5
2102-08-15 00:51:00+00:00,1,6
2102-08-15 00:54:44+00:00,-1,5
2102-08-15 00:58:00+00:00,2,7
2102-08-15 01:22:00+00:00,2,9
2102-08-15 01:33:53+00:00,-1,8
2102-08-15 01:52:36+00:00,-1,7
2102-08-15 02:08:20+00:00,-1,6
2102-08-15 02:19:54+00:00,-1,5
2102-08-15 02:30:30+00:00,-1,4
2102-08-15 03:16:48+00:00,-1,3
2102-08-15 03:29:37+00:00,-1,2
2102-08-15 03:30:44+00:00,-1,1
2102-08-15 03:44:00+00:00,2,3
2102-08-15 04:13:00+00:00,1,4
2102-08-15 04:14:47+00:00,-1,3
2102-08-15 04:22:51+00:00,-1,2
2102-08-15 04:23:04+00:00,-1,1
2102-08-15 09:28:47+00:00,-1,0
2102-08-17 22:04:00+00:00,2,2
2102-08-17 22:21:00+00:00,1,3
2102-08-17 23:36:40+00:00,-1,2
2102-08-17 23:49:38+00:00,-1,1
2102-08-18 00:06:50+00:00,-1,0
2102-08-18 00:10:00+00:00,2,2
2102-08-18 00:26:00+00:00,1,3
2102-08-18 00:54:47+00:00,-1,2
2102-08-18 02:06:00+00:00,-1,1
2102-08-18 03:21:00+00:00,1,2
2102-08-18 03:27:00+00:00,1,3
2102-08-18 03:28:00+00:00,1,4
2102-08-18 03:35:00+00:00,2,6
2102-08-18 03:53:43+00:00,-1,5
2102-08-18 03:58:00+00:00,2,7
2102-08-18 04:32:00+00:00,2,9
2102-08-18 04:40:14+00:00,-1,8
2102-08-18 04:47:18+00:00,-1,7
2102-08-18 05:10:00+00:00,1,8
2102-08-18 05:30:44+00:00,-1,7
2102-08-18 06:03:59+00:00,-1,6
2102-08-18 06:22:03+00:00,-1,5
2102-08-18 06:48:39+00:00,-1,4
2102-08-18 06:51:29+00:00,-1,3
2102-08-18 06:56:12+00:00,-1,2
2102-08-18 08:15:01+00:00,-1,1
2102-08-18 08:44:12+00:00,-1,0
2102-08-18 22:49:00+00:00,2,2
2102-08-18 23:38:15+00:00,-1,1
2102-08-19 00:06:17+00:00,-1,0
2102-08-19 00:55:00+00:00,1,1
2102-08-19 01:20:27+00:00,-1,0
2102-08-19 06:23:00+00:00,1,1
2102-08-19 08:49:34+00:00,-1,0
2102-08-21 00:43:00+00:00,2,2
2102-08-21 01:02:39+00:00,-2,0
2102-08-21 05:15:00+00:00,2,2
2102-08-21 05:28:35+00:00,-1,1
2102-08-21 05:47:00+00:00,1,2
2102-08-21 05:59:00+00:00,1,3
2102-08-21 06:22:53+00:00,-1,2
2102-08-21 09:20:20+00:00,-1,1
2102-08-21 10:13:36+00:00,-1,0
2102-08-21 21:57:00+00:00,1,1
2102-08-21 22:07:56+00:00,-1,0
2102-08-21 22:21:00+00:00,2,2
2102-08-21 22:22:00+00:00,3,5
2102-08-21 22:32:00+00:00,2,7
2102-08-21 22:43:00+00:00,1,8
2102-08-21 22:46:00+00:00,1,9
2102-08-21 22:50:30+00:00,-1,8
2102-08-21 23:07:33+00:00,-1,7
2102-08-21 23:11:41+00:00,-1,6
2102-08-21 23:14:00+00:00,2,8
2102-08-21 23:43:00+00:00,2,10
2102-08-22 00:01:02+00:00,-1,9
2102-08-22 00:14:00+00:00,2,11
2102-08-22 00:14:39+00:00,-1,10
2102-08-22 00:20:50+00:00,-1,9
2102-08-22 00:50:00+00:00,1,10
2102-08-22 01:26:53+00:00,-1,9
2102-08-22 01:27:08+00:00,-1,8
2102-08-22 01:33:55+00:00,-1,7
2102-08-22 02:03:06+00:00,-1,6
2102-08-22 02:04:07+00:00,-1,5
2102-08-22 02:06:34+00:00,-1,4
2102-08-22 03:16:28+00:00,-1,3
2102-08-22 03:36:00+00:00,2,5
2102-08-22 03:52:13+00:00,-1,4
2102-08-22 03:52:39+00:00,-1,3
2102-08-22 03:55:49+00:00,-1,2
2102-08-22 04:05:12+00:00,-1,1
2102-08-22 05:42:48+00:00,-1,0
2102-08-24 06:30:00+00:00,1,1
2102-08-24 09:03:21+00:00,-1,0
2102-08-24 22:24:00+00:00,1,1
2102-08-24 22:48:35+00:00,-1,0
2102-08-24 23:13:00+00:00,1,1
2102-08-24 23:24:00+00:00,1,2
2102-08-24 23:40:00+00:00,1,3
2102-08-24 23:43:59+00:00,-1,2
2102-08-25 00:15:33+00:00,-1,1
2102-08-25 00:20:00+00:00,2,3
2102-08-25 00:33:00+00:00,2,5
2102-08-25 01:41:35+00:00,-1,4
2102-08-25 01:43:00+00:00,1,5
2102-08-25 02:52:06+00:00,-1,4
2102-08-25 03:55:00+00:00,2,6
2102-08-25 04:00:56+00:00,-1,5
2102-08-25 04:01:17+00:00,-1,4
2102-08-25 05:04:54+00:00,-1,3
2102-08-25 06:44:54+00:00,-1,2
2102-08-25 06:47:00+00:00,2,4
2102-08-25 07:27:15+00:00,-1,3
2102-08-25 09:10:47+00:00,-1,2
2102-08-25 10:36:29+00:00,-1,1
2102-08-25 11:40:03+00:00,-1,0
2102-08-25 21:50:00+00:00,1,1
2102-08-25 21:59:00+00:00,2,3
2102-08-25 23:21:00+00:00,2,5
2102-08-25 23:34:07+00:00,-1,4
2102-08-26 00:02:32+00:00,-1,3
2102-08-26 00:11:06+00:00,-1,2
2102-08-26 01:05:00+00:00,2,4
2102-08-26 01:27:39+00:00,-1,3
2102-08-26 01:33:42+00:00,-1,2
2102-08-26 02:10:39+00:00,-1,1
2102-08-26 02:33:09+00:00,-1,0
2102-08-26 04:27:00+00:00,1,1
2102-08-26 05:07:00+00:00,-1,0
2102-08-28 20:35:00+00:00,1,1
2102-08-28 20:45:56+00:00,-1,0
2102-08-28 21:54:00+00:00,1,1
2102-08-28 22:04:00+00:00,1,2
2102-08-28 22:15:00+00:00,3,5
2102-08-28 22:17:00+00:00,1,6
2102-08-28 22:25:00+00:00,2,8
2102-08-28 22:46:00+00:00,2,10
2102-08-28 22:49:26+00:00,-1,9
2102-08-28 22:50:00+00:00,1,10
2102-08-28 23:04:18+00:00,-1,9
2102-08-28 23:11:00+00:00,1,10
2102-08-28 23:17:00+00:00,2,12
2102-08-28 23:26:10+00:00,-1,11
2102-08-28 23:47:53+00:00,-1,10
2102-08-28 23:53:56+00:00,-1,9
2102-08-28 23:56:06+00:00,-1,8
2102-08-28 23:58:27+00:00,-1,7
2102-08-29 00:03:11+00:00,-1,6
2102-08-29 00:20:00+00:00,1,7
2102-08-29 00:22:13+00:00,-1,6
2102-08-29 00:25:50+00:00,-1,5
2102-08-29 00:27:00+00:00,1,6
2102-08-29 00:34:03+00:00,-1,5
2102-08-29 00:46:00+00:00,2,7
2102-08-29 01:04:45+00:00,-1,6
2102-08-29 01:28:52+00:00,-1,5
2102-08-29 02:04:14+00:00,-1,4
2102-08-29 02:14:06+00:00,-1,3
2102-08-29 02:22:50+00:00,-1,2
2102-08-29 03:25:34+00:00,-1,1
2102-08-29 03:28:04+00:00,-1,0
2102-08-29 03:57:00+00:00,1,1
2102-08-29 05:50:27+00:00,-1,0
2102-08-31 22:08:00+00:00,2,2
2102-08-31 22:14:00+00:00,2,4
2102-08-31 22:20:00+00:00,2,6
2102-08-31 22:51:00+00:00,2,8
2102-08-31 22:53:00+00:00,1,9
2102-08-31 23:00:10+00:00,-1,8
2102-08-31 23:21:51+00:00,-1,7
2102-08-31 23:26:27+00:00,-1,6
2102-08-31 23:30:00+00:00,2,8
2102-08-31 23:31:34+00:00,-1,7
2102-08-31 23:35:40+00:00,-1,6
2102-09-01 00:04:20+00:00,-1,5
2102-09-01 00:12:14+00:00,-1,4
2102-09-01 00:17:00+00:00,2,6
2102-09-01 00:36:00+00:00,2,8
2102-09-01 01:11:58+00:00,-1,7
2102-09-01 01:16:00+00:00,2,9
2102-09-01 01:57:35+00:00,-1,8
2102-09-01 02:00:23+00:00,-1,7
2102-09-01 02:11:04+00:00,-1,6
2102-09-01 02:13:57+00:00,-1,5
2102-09-01 03:08:47+00:00,-1,4
2102-09-01 03:12:00+00:00,2,6
2102-09-01 03:45:00+00:00,-1,5
2102-09-01 03:57:00+00:00,1,6
2102-09-01 04:21:29+00:00,-1,5
2102-09-01 04:28:09+00:00,-1,4
2102-09-01 04:35:00+00:00,1,5
2102-09-01 05:02:51+00:00,-1,4
2102-09-01 05:02:55+00:00,-1,3
2102-09-01 05:15:00+00:00,1,4
2102-09-01 05:22:42+00:00,-1,3
2102-09-01 05:24:58+00:00,-1,2
2102-09-01 06:44:24+00:00,-1,1
2102-09-01 06:52:00+00:00,1,2
2102-09-01 06:54:30+00:00,-1,1
2102-09-01 07:34:52+00:00,-1,0
2102-09-01 21:58:00+00:00,2,2
2102-09-01 22:26:32+00:00,-1,1
2102-09-02 00:10:42+00:00,-1,0
2102-09-04 21:27:00+00:00,1,1
2102-09-04 21:46:00+00:00,2,3
2102-09-04 21:57:51+00:00,-1,2
2102-09-04 22:28:00+00:00,1,3
2102-09-04 22:30:00+00:00,2,5
2102-09-04 22:39:42+00:00,-1,4
2102-09-04 22:55:29+00:00,-1,3
2102-09-04 23:01:00+00:00,2,5
2102-09-04 23:06:00+00:00,2,7
2102-09-04 23:17:00+00:00,1,8
2102-09-04 23:39:07+00:00,-1,7
2102-09-04 23:41:00+00:00,1,8
2102-09-04 23:49:56+00:00,-1,7
2102-09-05 00:12:50+00:00,-1,6
2102-09-05 00:18:51+00:00,-1,5
2102-09-05 00:26:39+00:00,-1,4
2102-09-05 00:43:00+00:00,2,6
2102-09-05 00:44:00+00:00,1,7
2102-09-05 01:13:56+00:00,-1,6
2102-09-05 01:16:00+00:00,2,8
2102-09-05 01:21:00+00:00,1,9
2102-09-05 01:21:04+00:00,-1,8
2102-09-05 01:22:00+00:00,2,10
2102-09-05 01:45:41+00:00,-1,9
2102-09-05 01:56:15+00:00,-1,8
2102-09-05 01:59:46+00:00,-1,7
2102-09-05 02:32:20+00:00,-1,6
2102-09-05 03:14:19+00:00,-1,5
2102-09-05 03:15:00+00:00,-1,4
2102-09-05 03:54:00+00:00,2,6
2102-09-05 03:57:12+00:00,-1,5
2102-09-05 04:11:45+00:00,-1,4
2102-09-05 04:21:39+00:00,-1,3
2102-09-05 05:23:01+00:00,-1,2
2102-09-05 06:43:57+00:00,-1,1
2102-09-05 06:44:55+00:00,-1,0
2102-09-07 21:21:00+00:00,2,2
2102-09-07 21:59:22+00:00,-1,1
2102-09-07 22:38:00+00:00,1,2
2102-09-07 22:44:00+00:00,2,4
2102-09-07 23:56:00+00:00,2,6
2102-09-07 23:59:40+00:00,-1,5
2102-09-08 00:41:00+00:00,2,7
2102-09-08 01:10:00+00:00,2,9
2102-09-08 01:59:14+00:00,-1,8
2102-09-08 02:20:11+00:00,-1,7
2102-09-08 02:25:56+00:00,-1,6
2102-09-08 02:48:06+00:00,-1,5
2102-09-08 02:50:28+00:00,-1,4
2102-09-08 03:12:00+00:00,1,5
2102-09-08 03:31:00+00:00,1,6
2102-09-08 03:35:11+00:00,-1,5
2102-09-08 03:40:00+00:00,1,6
2102-09-08 03:46:12+00:00,-1,5
2102-09-08 04:17:00+00:00,2,7
2102-09-08 04:26:26+00:00,-1,6
2102-09-08 04:50:00+00:00,1,7
2102-09-08 05:05:48+00:00,-1,6
2102-09-08 05:17:39+00:00,-1,5
2102-09-08 05:32:09+00:00,-1,4
2102-09-08 05:33:47+00:00,-1,3
2102-09-08 05:35:46+00:00,-1,2
2102-09-08 05:54:08+00:00,-1,1
2102-09-08 05:58:10+00:00,-1,0
2102-09-08 06:34:00+00:00,1,1
2102-09-08 11:43:25+00:00,-1,0
2102-09-09 03:20:00+00:00,2,2
2102-09-09 03:48:00+00:00,1,3
2102-09-09 04:05:00+00:00,1,4
2102-09-09 04:45:55+00:00,-1,3
2102-09-09 05:10:51+00:00,-1,2
2102-09-09 05:22:15+00:00,-1,1
2102-09-09 08:56:55+00:00,-1,0
2102-09-11 21:41:00+00:00,2,2
2102-09-11 21:45:00+00:00,1,3
2102-09-11 22:00:00+00:00,2,5
2102-09-11 22:07:00+00:00,1,6
2102-09-11 22:08:00+00:00,2,8
2102-09-11 22:13:32+00:00,-1,7
2102-09-11 22:24:00+00:00,1,8
2102-09-11 22:36:24+00:00,-1,7
2102-09-11 22:37:00+00:00,2,9
2102-09-11 22:56:00+00:00,1,10
2102-09-11 22:58:41+00:00,-1,9
2102-09-11 22:59:00+00:00,1,10
2102-09-11 23:16:23+00:00,-1,9
2102-09-11 23:18:00+00:00,2,11
2102-09-11 23:24:00+00:00,2,13
2102-09-11 23:30:34+00:00,-1,12
2102-09-11 23:39:00+00:00,2,14
2102-09-11 23:45:35+00:00,-1,13
2102-09-11 23:45:39+00:00,-1,12
2102-09-12 00:02:10+00:00,-1,11
2102-09-12 00:03:25+00:00,-1,10
2102-09-12 00:20:03+00:00,-1,9
2102-09-12 00:27:03+00:00,-1,8
2102-09-12 00:32:00+00:00,2,10
2102-09-12 00:36:00+00:00,1,11
2102-09-12 00:52:25+00:00,-1,10
2102-09-12 00:58:50+00:00,-1,9
2102-09-12 01:16:47+00:00,-1,8
2102-09-12 01:18:57+00:00,-1,7
2102-09-12 01:43:37+00:00,-1,6
2102-09-12 01:43:56+00:00,-1,5
2102-09-12 02:29:40+00:00,-1,4
2102-09-12 02:44:06+00:00,-1,3
2102-09-12 03:04:56+00:00,-1,2
2102-09-12 03:06:39+00:00,-1,1
2102-09-12 04:14:25+00:00,-1,0
2102-09-12 04:42:00+00:00,1,1
2102-09-12 06:35:27+00:00,-1,0
2102-09-14 22:02:00+00:00,2,2
2102-09-14 22:44:52+00:00,-1,1
2102-09-14 23:54:00+00:00,1,2
2102-09-14 23:54:30+00:00,-1,1
2102-09-15 00:42:00+00:00,1,2
2102-09-15 00:47:00+00:00,2,4
2102-09-15 01:04:20+00:00,-1,3
2102-09-15 02:39:40+00:00,-1,2
2102-09-15 02:40:27+00:00,-1,1
2102-09-15 03:00:00+00:00,2,3
2102-09-15 03:16:00+00:00,1,4
2102-09-15 03:48:00+00:00,2,6
2102-09-15 04:19:00+00:00,1,7
2102-09-15 04:36:56+00:00,-1,6
2102-09-15 04:43:36+00:00,-1,5
2102-09-15 05:02:15+00:00,-1,4
2102-09-15 05:05:17+00:00,-1,3
2102-09-15 05:06:18+00:00,-1,2
2102-09-15 05:07:56+00:00,-1,1
2102-09-15 06:37:00+00:00,2,3
2102-09-15 07:03:44+00:00,-1,2
2102-09-15 07:17:27+00:00,-1,1
2102-09-15 08:31:56+00:00,-1,0
2102-09-15 20:25:00+00:00,1,1
2102-09-15 21:18:42+00:00,-1,0
2102-09-15 21:36:00+00:00,2,2
2102-09-15 22:34:34+00:00,-1,1
2102-09-15 22:43:00+00:00,1,2
2102-09-16 00:48:00+00:00,1,3
2102-09-16 01:15:22+00:00,-1,2
2102-09-16 01:32:16+00:00,-1,1
2102-09-16 04:25:00+00:00,1,2
2102-09-16 04:27:00+00:00,2,4
2102-09-16 04:47:39+00:00,-1,3
2102-09-16 05:05:45+00:00,-1,2
2102-09-16 05:18:24+00:00,-1,1
2102-09-16 05:24:34+00:00,-1,0
2102-09-18 22:06:00+00:00,2,2
2102-09-18 22:13:00+00:00,2,4
2102-09-18 22:20:00+00:00,2,6
2102-09-18 22:33:00+00:00,2,8
2102-09-18 22:34:00+00:00,1,9
2102-09-18 22:35:00+00:00,1,10
2102-09-18 22:41:00+00:00,5,15
2102-09-18 22:51:22+00:00,-1,14
2102-09-18 23:00:50+00:00,-1,13
2102-09-18 23:02:18+00:00,-1,12
2102-09-18 23:11:02+00:00,-1,11
2102-09-18 23:25:00+00:00,2,13
2102-09-18 23:29:21+00:00,-1,12
2102-09-18 23:42:07+00:00,-1,11
2102-09-18 23:52:17+00:00,-1,10
2102-09-18 23:52:25+00:00,-1,9
2102-09-19 00:04:06+00:00,-1,8
2102-09-19 00:10:41+00:00,-1,7
2102-09-19 00:25:07+00:00,-1,6
2102-09-19 00:27:00+00:00,2,8
2102-09-19 00:41:44+00:00,-1,7
2102-09-19 00:44:43+00:00,-1,6
2102-09-19 00:45:00+00:00,2,8
2102-09-19 00:45:56+00:00,-1,7
2102-09-19 00:48:21+00:00,-1,6
2102-09-19 00:51:00+00:00,2,8
2102-09-19 00:57:00+00:00,1,9
2102-09-19 01:10:56+00:00,-1,8
2102-09-19 01:37:20+00:00,-1,7
2102-09-19 01:38:36+00:00,-1,6
2102-09-19 01:50:59+00:00,-1,5
2102-09-19 02:07:00+00:00,-1,4
2102-09-19 02:12:35+00:00,-1,3
2102-09-19 02:45:56+00:00,-1,2
2102-09-19 03:32:12+00:00,-1,1
2102-09-19 04:19:00+00:00,1,2
2102-09-19 04:59:36+00:00,-1,1
2102-09-19 07:13:11+00:00,-1,0
2102-09-21 21:26:00+00:00,3,3
2102-09-21 21:52:00+00:00,1,4
2102-09-21 22:38:42+00:00,-1,3
2102-09-21 22:39:01+00:00,-1,2
2102-09-21 22:49:00+00:00,1,3
2102-09-21 22:50:00+00:00,2,5
2102-09-21 23:06:00+00:00,1,6
2102-09-22 00:07:17+00:00,-1,5
2102-09-22 00:10:00+00:00,2,7
2102-09-22 00:13:21+00:00,-1,6
2102-09-22 00:20:00+00:00,1,7
2102-09-22 00:36:00+00:00,1,8
2102-09-22 00:52:52+00:00,-1,7
2102-09-22 01:19:41+00:00,-1,6
2102-09-22 01:56:27+00:00,-1,5
2102-09-22 02:21:27+00:00,-1,4
2102-09-22 02:32:39+00:00,-1,3
2102-09-22 03:14:28+00:00,-1,2
2102-09-22 03:44:00+00:00,1,3
2102-09-22 04:03:45+00:00,-1,2
2102-09-22 04:27:16+00:00,-1,1
2102-09-22 05:46:15+00:00,-1,0
2102-09-22 06:32:00+00:00,1,1
2102-09-22 07:12:27+00:00,-1,0
2102-09-22 21:33:00+00:00,2,2
2102-09-22 22:13:00+00:00,1,3
2102-09-22 23:40:14+00:00,-1,2
2102-09-23 00:40:23+00:00,-1,1
2102-09-23 00:52:03+00:00,-1,0
2102-09-23 03:37:00+00:00,1,1
2102-09-23 04:42:00+00:00,1,2
2102-09-23 05:12:51+00:00,-1,1
2102-09-23 05:40:32+00:00,-1,0
2102-09-25 22:04:00+00:00,2,2
2102-09-25 22:16:00+00:00,2,4
2102-09-25 22:25:00+00:00,1,5
2102-09-25 22:26:00+00:00,2,7
2102-09-25 22:42:43+00:00,-1,6
2102-09-25 22:47:00+00:00,2,8
2102-09-25 22:51:00+00:00,2,10
2102-09-25 23:01:00+00:00,1,11
2102-09-25 23:01:51+00:00,-1,10
2102-09-25 23:16:06+00:00,-1,9
2102-09-25 23:30:00+00:00,1,10
2102-09-25 23:37:00+00:00,2,12
2102-09-26 00:17:24+00:00,-1,11
2102-09-26 00:27:46+00:00,-1,10
2102-09-26 00:37:43+00:00,-1,9
2102-09-26 00:41:00+00:00,2,11
2102-09-26 00:41:03+00:00,-1,10
2102-09-26 00:42:41+00:00,-1,9
2102-09-26 00:48:00+00:00,2,11
2102-09-26 00:58:22+00:00,-1,10
2102-09-26 00:59:42+00:00,-1,9
2102-09-26 01:42:58+00:00,-1,8
2102-09-26 02:01:12+00:00,-1,7
2102-09-26 02:29:00+00:00,1,8
2102-09-26 02:31:49+00:00,-1,7
2102-09-26 02:33:45+00:00,-1,6
2102-09-26 02:39:56+00:00,-1,5
2102-09-26 02:57:17+00:00,-1,4
2102-09-26 03:32:00+00:00,2,6
2102-09-26 03:36:13+00:00,-1,5
2102-09-26 03:49:31+00:00,-1,4
2102-09-26 04:02:00+00:00,2,6
2102-09-26 04:07:26+00:00,-1,5
2102-09-26 04:15:56+00:00,-1,4
2102-09-26 04:43:28+00:00,-1,3
2102-09-26 04:50:10+00:00,-1,2
2102-09-26 05:41:30+00:00,-1,1
2102-09-26 08:27:27+00:00,-1,0
2102-09-26 22:06:00+00:00,2,2
2102-09-26 22:46:50+00:00,-1,1
2102-09-26 23:31:39+00:00,-1,0
2102-09-29 02:36:00+00:00,2,2
2102-09-29 02:37:00+00:00,2,4
2102-09-29 02:47:56+00:00,-1,3
2102-09-29 03:03:00+00:00,1,4
2102-09-29 03:18:57+00:00,-1,3
2102-09-29 03:27:24+00:00,-1,2
2102-09-29 03:35:59+00:00,-1,1
2102-09-29 06:13:00+00:00,1,2
2102-09-29 06:37:00+00:00,1,3
2102-09-29 06:55:00+00:00,1,4
2102-09-29 08:02:20+00:00,-1,3
2102-09-29 08:10:40+00:00,-1,2
2102-09-29 09:08:41+00:00,-1,1
2102-09-29 10:19:22+00:00,-1,0
2102-09-29 21:53:00+00:00,2,2
2102-09-29 22:26:00+00:00,1,3
2102-09-29 23:16:43+00:00,-1,2
2102-09-29 23:46:00+00:00,1,3
2102-09-30 00:33:00+00:00,1,4
2102-09-30 00:54:49+00:00,-1,3
2102-09-30 01:02:47+00:00,-1,2
2102-09-30 01:12:06+00:00,-1,1
2102-09-30 01:20:03+00:00,-1,0
2102-09-30 02:46:00+00:00,2,2
2102-09-30 02:56:56+00:00,-1,1
2102-09-30 03:16:59+00:00,-1,0
2102-09-30 03:44:00+00:00,1,1
2102-09-30 04:03:00+00:00,1,2
2102-09-30 05:19:00+00:00,1,3
2102-09-30 05:25:10+00:00,-1,2
2102-09-30 06:38:00+00:00,1,3
2102-09-30 07:12:27+00:00,-1,2
2102-09-30 07:16:51+00:00,-1,1
2102-09-30 09:28:32+00:00,-1,0
2102-10-02 23:22:00+00:00,1,1
2102-10-03 00:00:51+00:00,-1,0
